{"cameraMode":{"drawMode":0,"name":"Shaded","section":"Shading Mode"},"sceneLighting":false,"audioPlay":false,"sceneViewState":{"showFog":false,"showMaterialUpdate":false,"showSkybox":false,"showFlares":false,"showImageEffects":true,"showParticleSystems":true},"in2DMode":false,"pivot":{"x":-9.37179946899414,"y":0.41309255361557009,"z":-9.277572631835938},"rotation":{"x":-0.20437505841255189,"y":-0.32776668667793276,"z":0.07148606330156326,"w":-0.9196194410324097},"size":6.646760940551758,"orthographic":false}