{"cameraMode":{"drawMode":0,"name":"Shaded","section":"Shading Mode"},"sceneLighting":false,"audioPlay":false,"sceneViewState":{"showFog":false,"showMaterialUpdate":false,"showSkybox":false,"showFlares":false,"showImageEffects":true,"showParticleSystems":true},"in2DMode":false,"pivot":{"x":-6.042649269104004,"y":1.4926722049713135,"z":18.638898849487306},"rotation":{"x":0.07297325134277344,"y":0.9093328714370728,"z":-0.18045112490653993,"w":0.36773794889450076},"size":3.4009249210357668,"orthographic":false}